"Time","Health"
"2026-02-10",87
"2026-02-11",79
"2026-02-12",78
"2026-02-13",80
"2026-02-14",71
"2026-02-15",70
"2026-02-16",91
"2026-02-17",90
"2026-02-18",84
"2026-02-19",89
"2026-02-20",77
"2026-02-21",69
"2026-02-22",66
"2026-02-23",87
"2026-02-24",89
"2026-02-25",88
"2026-02-26",100
"2026-02-27",98
"2026-02-28",55
"2026-03-01",54
"2026-03-02",84
"2026-03-03",86
"2026-03-04",81
"2026-03-05",80
"2026-03-06",74
"2026-03-07",58
"2026-03-08",57
"2026-03-09",80
"2026-03-10",79
"2026-03-11",79
"2026-03-12",76
"2026-03-13",69
"2026-03-14",56
"2026-03-15",57
"2026-03-16",77
"2026-03-17",81
"2026-03-18",83
"2026-03-19",81
"2026-03-20",75
"2026-03-21",61
"2026-03-22",60
"2026-03-23",84
"2026-03-24",77
"2026-03-25",87
"2026-03-26",79
"2026-03-27",79
"2026-03-28",71
"2026-03-29",74
"2026-03-30",91
"2026-03-31",83
"2026-04-01",80
"2026-04-02",74
"2026-04-03",66
"2026-04-04",53
"2026-04-05",59
"2026-04-06",80
"2026-04-07",82
"2026-04-08",83
"2026-04-09",82
"2026-04-10",71
"2026-04-11",56
"2026-04-12",56
"2026-04-13",79
"2026-04-14",81
"2026-04-15",77
"2026-04-16",77
"2026-04-17",77
"2026-04-18",58
"2026-04-19",57
"2026-04-20",78
"2026-04-21",76
"2026-04-22",82
"2026-04-23",77
"2026-04-24",70
"2026-04-25",58
"2026-04-26",47
"2026-04-27",66
"2026-04-28",66
"2026-04-29",66
"2026-04-30",63
"2026-05-01",57
"2026-05-02",43
"2026-05-03",45
"2026-05-04",62
"2026-05-05",67
"2026-05-06",63
"2026-05-07",63
"2026-05-08",56
"2026-05-09",42